<?xml version='1.0' encoding='UTF-8'?>
<?artifactRepository version='1.1.0'?>
<repository name='Gauge Feature - Artifact Repository' type='org.eclipse.equinox.p2.artifact.repository.simpleRepository' version='1'>
  <properties size='4'>
    <property name='p2.timestamp' value='1433495436217'/>
    <property name='p2.compressed' value='true'/>
    <property name='publishPackFilesAsSiblings' value='true'/>
    <property name='p2.mirrorsURL' value='https://dl.bintray.com/gauge/Gauge'/>
  </properties>
  <mappings size='5'>
    <rule filter='(&amp; (classifier=osgi.bundle) (format=packed))' output='${repoUrl}/plugins/${id}_${version}.jar.pack.gz'/>
    <rule filter='(&amp; (classifier=osgi.bundle))' output='${repoUrl}/plugins/${id}_${version}.jar'/>
    <rule filter='(&amp; (classifier=binary))' output='${repoUrl}/binary/${id}_${version}'/>
    <rule filter='(&amp; (classifier=org.eclipse.update.feature) (format=packed))' output='${repoUrl}/features/${id}_${version}.jar.pack.gz'/>
    <rule filter='(&amp; (classifier=org.eclipse.update.feature))' output='${repoUrl}/features/${id}_${version}.jar'/>
  </mappings>
  <artifacts size='8'>
    <artifact classifier='osgi.bundle' id='io.getgauge.ui' version='0.0.3'>
      <properties size='3'>
        <property name='artifact.size' value='80045'/>
        <property name='download.size' value='80045'/>
        <property name='download.md5' value='c6c1b306779f61426157eacadae57f40'/>
      </properties>
    </artifact>
    <artifact classifier='org.eclipse.update.feature' id='io.getgauge.sdk.source' version='0.0.3'>
      <properties size='4'>
        <property name='artifact.size' value='4450'/>
        <property name='download.size' value='4450'/>
        <property name='download.md5' value='2ca8189840b9a0b9b414f6bb216b2417'/>
        <property name='download.contentType' value='application/zip'/>
      </properties>
    </artifact>
    <artifact classifier='org.eclipse.update.feature' id='io.getgauge.sdk' version='0.0.3'>
      <properties size='4'>
        <property name='artifact.size' value='4713'/>
        <property name='download.size' value='4713'/>
        <property name='download.md5' value='06722697f5c04f492f98e671fb6fe121'/>
        <property name='download.contentType' value='application/zip'/>
      </properties>
    </artifact>
    <artifact classifier='osgi.bundle' id='io.getgauge.source' version='0.0.3'>
      <properties size='3'>
        <property name='artifact.size' value='79816'/>
        <property name='download.size' value='79816'/>
        <property name='download.md5' value='7e99434bacd1903c123892ba8a7a9fc3'/>
      </properties>
    </artifact>
    <artifact classifier='osgi.bundle' id='com.thoughtworks.gauge.eclipse' version='0.0.3'>
      <properties size='3'>
        <property name='artifact.size' value='1557080'/>
        <property name='download.size' value='1557080'/>
        <property name='download.md5' value='ec8c1e8aafad1d279b3e45e8a9c2b2f1'/>
      </properties>
    </artifact>
    <artifact classifier='osgi.bundle' id='io.getgauge' version='0.0.3'>
      <properties size='3'>
        <property name='artifact.size' value='121472'/>
        <property name='download.size' value='121472'/>
        <property name='download.md5' value='082c03440704d07a945cfb79b24dd46e'/>
      </properties>
    </artifact>
    <artifact classifier='osgi.bundle' id='com.thoughtworks.gauge.eclipse.source' version='0.0.3'>
      <properties size='3'>
        <property name='artifact.size' value='22253'/>
        <property name='download.size' value='22253'/>
        <property name='download.md5' value='c3c0a060c5b5dd3facda4670a2143602'/>
      </properties>
    </artifact>
    <artifact classifier='osgi.bundle' id='io.getgauge.ui.source' version='0.0.3'>
      <properties size='3'>
        <property name='artifact.size' value='52672'/>
        <property name='download.size' value='52672'/>
        <property name='download.md5' value='fee6c28f7d21b9f66e4d18aac6e27e21'/>
      </properties>
    </artifact>
  </artifacts>
</repository>
